age,monthly_income,loan_amount,interest_rate,tenure_years,monthly_emi,dependents,credit_score,employment_type,stress_level
59,82761,1286753,8.31,12,14148.0,2,782,salaried,Low
49,61368,1025947,11.15,3,33661.0,2,819,salaried,High
35,31783,572900,14.51,2,27645.0,2,691,business,High
28,66914,761227,9.16,10,9709.0,0,787,salaried,Low
41,95507,1647098,10.73,13,19621.0,0,786,salaried,Low
59,104026,435327,13.11,13,5825.0,1,632,salaried,Low
39,92526,949991,14.18,3,32552.0,0,746,salaried,Medium
43,95835,1142981,12.7,14,14584.0,2,627,salaried,Low
31,70765,465575,9.81,9,6507.0,2,722,salaried,Low
31,44956,1343445,12.72,10,19838.0,0,779,salaried,High
44,71240,793948,10.08,5,16900.0,3,725,salaried,Low
56,62148,1655833,13.03,9,26114.0,1,776,salaried,High
44,29757,529189,14.68,10,8434.0,3,636,salaried,Medium
23,44097,698465,13.05,11,9992.0,1,753,business,Low
42,35395,551051,14.04,11,8217.0,3,698,salaried,Low
22,41241,1236705,8.01,6,21689.0,0,697,business,High
44,52696,949829,13.02,14,12315.0,1,726,salaried,Low
50,95480,1013936,13.81,8,17504.0,1,826,salaried,Low
58,71163,1080641,8.28,11,12500.0,1,767,business,Low
22,44816,571830,14.1,5,13335.0,2,679,business,Medium
41,74840,615507,9.8,2,28346.0,2,637,salaried,Medium
53,77853,659687,12.66,4,17587.0,3,676,salaried,Low
32,49917,1524491,13.6,6,31088.0,0,725,salaried,High
42,46566,754179,12.64,4,20098.0,2,686,salaried,High
45,100452,1330596,8.65,13,14233.0,1,653,salaried,Low
47,87823,342828,12.17,14,4259.0,2,749,salaried,Low
48,45806,1135036,11.85,12,14805.0,0,615,salaried,Medium
36,100520,572670,14.3,8,10046.0,2,627,salaried,Low
35,26759,1374168,10.83,13,16453.0,1,839,business,High
23,66949,591126,10.25,10,7894.0,3,762,business,Low
57,27482,1086639,13.25,13,14638.0,1,787,business,High
27,49442,1580617,10.89,7,26973.0,0,772,salaried,High
41,58719,1699453,12.52,14,21489.0,3,645,business,Medium
29,83066,1054296,12.53,11,14753.0,2,671,business,Low
59,27079,424982,14.22,2,20449.0,2,835,salaried,High
38,27717,1605487,12.19,8,26262.0,2,782,salaried,High
24,84676,1417195,11.52,4,36987.0,3,846,business,High
45,52952,608623,8.97,6,10962.0,1,813,salaried,Low
34,67460,1499751,8.81,11,17781.0,3,684,salaried,Medium
29,97847,470963,9.08,5,9795.0,3,625,salaried,Low
46,43449,1490402,9.2,11,17991.0,0,831,salaried,High
22,58536,1167869,12.47,6,23119.0,3,684,business,Medium
40,89077,1447116,13.19,6,29195.0,2,752,salaried,Medium
48,63258,1159414,11.71,7,20287.0,1,832,salaried,Medium
27,73302,486994,13.8,11,7190.0,1,664,salaried,Low
28,53865,610375,14.94,13,8889.0,1,733,salaried,Low
55,31645,329301,13.74,11,4850.0,2,750,salaried,Low
34,63000,1571300,12.86,14,20211.0,2,714,salaried,Medium
37,51737,1344327,11.73,14,16326.0,2,663,business,Medium
56,36485,493783,11.14,12,6231.0,2,686,salaried,Low
24,63565,318752,8.59,7,5062.0,2,770,salaried,Low
22,50522,1315416,10.8,9,19094.0,3,706,business,Medium
26,90155,1037565,14.37,9,17173.0,2,750,salaried,Low
24,80168,968755,13.66,12,13715.0,2,695,business,Low
49,77487,517029,9.51,10,6693.0,2,757,business,Low
38,37342,1207669,11.27,9,17844.0,2,676,business,High
46,65806,1404849,13.72,14,18854.0,1,834,salaried,Medium
54,73770,1607079,8.47,12,17813.0,2,745,salaried,Low
30,103623,1468544,10.71,3,47877.0,3,686,salaried,High
56,100629,677844,13.96,13,9439.0,3,806,salaried,Low
34,77603,310699,10.83,11,4037.0,3,824,business,Low
51,106974,1544709,8.54,13,16427.0,0,748,business,Low
35,51399,834003,11.8,12,10853.0,1,656,business,Low
28,106244,1367745,14.03,2,65689.0,2,702,business,High
34,101534,818652,12.13,11,11261.0,0,750,business,Low
43,80106,418413,9.58,3,13419.0,2,690,salaried,Low
41,55678,1616502,10.69,3,52685.0,0,644,salaried,High
36,101218,1473057,11.15,13,17921.0,0,771,business,Low
38,88230,515400,12.05,4,13585.0,3,809,salaried,Low
44,99055,1332532,13.32,11,19282.0,3,687,salaried,Low
46,81373,859873,8.69,8,12459.0,0,714,salaried,Low
45,56480,1527512,14.23,3,52378.0,3,646,business,High
49,93836,692136,8.09,2,31332.0,0,767,salaried,Medium
35,97258,1796906,10.59,7,30381.0,1,778,business,Medium
21,64986,689954,8.19,10,8440.0,3,769,business,Low
45,49160,338067,10.75,4,8697.0,3,734,salaried,Low
27,104111,318073,11.68,7,5561.0,3,649,salaried,Low
29,89929,336035,11.58,4,8780.0,1,775,salaried,Low
44,98506,1544625,9.16,14,16347.0,0,683,business,Low
21,59911,533782,12.52,2,25257.0,2,690,business,High
28,56821,914661,8.31,14,9229.0,3,733,business,Low
44,100039,914805,13.33,13,12370.0,0,690,salaried,Low
31,85535,1026331,14.63,6,21496.0,1,736,salaried,Medium
37,109458,361929,10.38,11,4609.0,2,844,salaried,Low
28,37175,1057771,11.62,14,12773.0,3,708,business,Medium
55,79771,1185296,10.65,12,14614.0,1,656,salaried,Low
55,91358,967689,8.05,5,19644.0,1,630,salaried,Low
53,42327,1080965,10.7,8,16806.0,2,620,salaried,Medium
25,72057,587313,13.54,7,10858.0,0,689,salaried,Low
59,31150,387468,12.17,11,5339.0,3,639,salaried,Low
48,29425,1383170,8.71,8,20056.0,3,711,salaried,High
27,41032,491703,13.93,6,10113.0,0,644,salaried,Low
29,27198,1393609,11.72,5,30803.0,0,676,salaried,High
28,85500,1290669,13.89,8,22340.0,0,776,business,Medium
32,78394,1422437,12.06,8,23166.0,2,686,business,Medium
54,45079,1007650,11.92,7,17745.0,2,747,salaried,Medium
53,61220,593894,8.74,9,7961.0,3,700,business,Low
43,66874,1426798,9.17,5,29736.0,2,845,salaried,High
44,38859,936308,14.8,11,14404.0,1,716,salaried,Medium
57,75460,1093153,9.6,6,20032.0,3,691,business,Medium
55,56419,844897,14.84,5,20029.0,2,744,business,Medium
42,33705,1552557,11.72,13,19429.0,0,627,business,High
47,67880,404211,8.95,2,18457.0,1,768,salaried,Medium
55,48236,1534897,8.7,13,16462.0,0,793,salaried,Medium
21,40358,1790687,9.46,9,24690.0,3,624,business,High
55,101918,787689,14.48,2,37998.0,0,657,salaried,Medium
57,39596,1223160,10.9,6,23219.0,2,841,salaried,High
34,58572,1160952,10.77,7,19738.0,2,640,business,Medium
23,103757,1150741,10.19,7,19217.0,3,733,business,Low
21,26279,1378560,9.03,14,14484.0,0,674,business,High
25,88197,1354477,11.41,6,26067.0,3,848,salaried,Medium
46,87516,462624,8.91,4,11493.0,0,637,business,Low
34,32083,1570893,13.85,6,32243.0,1,733,salaried,High
59,42771,1641775,10.59,13,19420.0,2,772,salaried,High
47,54975,993045,10.62,9,14316.0,3,674,salaried,Medium
29,70648,1291469,11.32,3,42477.0,1,741,salaried,High
35,73285,445788,11.11,7,7659.0,1,665,salaried,Low
35,44063,938387,14.96,10,15116.0,3,767,business,Medium
46,92642,835426,11.82,9,12601.0,3,602,salaried,Low
33,62599,990658,8.62,12,11063.0,1,846,salaried,Low
52,76920,1268616,12.25,9,19442.0,0,716,salaried,Medium
59,53529,323429,9.06,9,4390.0,1,698,salaried,Low
52,60954,1550956,8.22,14,15569.0,3,824,salaried,Medium
24,52856,1790036,14.8,8,31916.0,1,751,business,High
50,27573,1072577,13.41,9,17151.0,0,618,business,High
57,103344,1593703,14.86,14,22593.0,2,745,salaried,Low
43,60367,1187700,11.35,7,20556.0,2,791,business,Medium
59,85774,1365923,11.73,3,45192.0,1,840,salaried,High
35,48752,856110,9.18,3,27296.0,0,715,salaried,High
49,80029,1264163,9.73,9,17613.0,2,724,business,Low
56,42685,1215387,13.87,12,17367.0,1,687,salaried,High
33,76693,307967,10.49,2,14281.0,1,836,business,Low
52,80961,525371,13.79,7,9785.0,0,634,salaried,Low
27,101908,1557100,12.96,14,20128.0,3,789,business,Low
42,99532,1513261,9.24,7,24532.0,1,600,salaried,Low
48,106994,852467,11.55,12,10965.0,3,827,salaried,Low
22,81133,551537,12.74,5,12476.0,3,752,salaried,Low
26,86268,1141531,9.65,13,12869.0,2,772,business,Low
48,63243,1164645,13.81,12,16598.0,3,776,salaried,Medium
48,82384,1728127,11.81,14,21074.0,0,725,business,Medium
40,56653,1235772,9.16,12,14175.0,2,834,salaried,Medium
50,51657,771082,12.08,14,9534.0,2,825,salaried,Low
31,64952,360545,15.0,11,5592.0,2,688,salaried,Low
48,47180,1583131,9.05,4,39434.0,1,743,salaried,High
45,103411,523894,13.72,14,7031.0,1,825,business,Low
59,26622,1027506,9.45,12,11955.0,3,820,salaried,High
53,73756,1289470,13.48,4,34901.0,2,746,business,High
21,65809,1650642,13.14,14,21530.0,2,750,salaried,Medium
47,41725,1707753,10.1,14,19028.0,0,810,salaried,High
33,86396,1715512,10.28,2,79384.0,3,624,business,High
23,76226,550497,13.55,4,14919.0,0,615,salaried,Low
59,106182,1273181,11.23,5,27828.0,3,781,salaried,Medium
26,107565,1319658,13.12,12,18238.0,3,842,business,Low
28,54402,1791633,9.04,12,20430.0,1,672,business,Medium
47,29263,1001692,13.97,6,20625.0,1,728,salaried,High
29,71828,1206295,12.98,4,32350.0,0,641,salaried,High
57,72924,1504680,14.35,7,28489.0,3,746,salaried,Medium
53,99182,993206,8.93,12,11264.0,2,824,salaried,Low
44,84052,1393512,12.15,13,17809.0,1,761,business,Low
35,36664,985154,12.19,6,19357.0,2,679,business,High
52,60737,1550632,10.47,4,39679.0,0,835,salaried,High
52,54373,525469,11.21,7,9055.0,1,703,salaried,Low
44,61397,1376717,8.27,7,21643.0,1,782,salaried,Medium
32,63709,437478,13.22,9,6947.0,3,745,salaried,Low
59,86120,1445935,11.85,3,47922.0,0,633,salaried,High
22,44250,1209711,8.4,2,54933.0,3,688,salaried,High
23,46172,1502939,12.77,5,34020.0,1,724,salaried,High
57,36555,921827,11.27,8,14615.0,0,644,salaried,Medium
37,103617,793158,8.24,12,8690.0,1,733,salaried,Low
22,78276,323312,14.79,11,4972.0,0,620,salaried,Low
22,82492,1260612,14.64,4,34854.0,1,721,salaried,High
48,78002,727387,11.59,4,19009.0,2,669,salaried,Low
43,97355,734995,8.66,6,13125.0,2,695,salaried,Low
57,49762,1098843,13.28,6,22221.0,3,704,salaried,High
52,36046,1597638,11.44,14,19113.0,2,647,salaried,High
53,53769,1143441,10.12,11,14393.0,1,834,business,Medium
21,78302,1757214,11.44,4,45793.0,1,638,business,High
39,48150,735684,11.66,10,10411.0,2,630,business,Low
22,93247,357022,11.94,5,7931.0,3,833,salaried,Low
46,29853,633373,11.09,14,7440.0,2,609,business,Low
52,46792,1447647,12.24,14,18047.0,0,629,business,Medium
26,84129,1530844,14.43,4,42164.0,0,848,salaried,High
52,99478,1297858,10.54,12,15918.0,0,843,salaried,Low
24,92298,658918,13.08,3,22227.0,2,617,business,Low
31,56987,789626,14.26,11,11882.0,2,787,salaried,Low
37,40850,588859,11.19,14,6953.0,2,687,salaried,Low
58,37112,1114037,11.1,12,14031.0,0,843,business,Medium
44,49058,855462,12.21,10,12377.0,3,724,business,Medium
25,70420,1227460,12.14,5,27391.0,1,672,salaried,Medium
54,63890,1424949,13.65,4,38689.0,2,822,salaried,High
26,91017,1541597,11.34,8,24500.0,3,614,salaried,Medium
42,72304,493718,14.97,9,8347.0,1,603,business,Low
31,57921,894305,8.42,12,9888.0,1,790,salaried,Low
36,26524,363037,8.02,3,11380.0,1,767,salaried,High
53,40048,830836,12.48,8,13724.0,3,608,business,Medium
29,60111,941269,10.09,13,10854.0,3,708,salaried,Low
26,62904,1582789,9.68,6,29068.0,0,736,business,High
36,79912,504366,10.18,12,6080.0,3,753,salaried,Low
49,59008,802420,9.79,6,14781.0,3,731,salaried,Medium
23,25060,454249,8.22,4,11137.0,3,808,salaried,High
40,99666,1634742,14.8,6,34389.0,1,615,salaried,Medium
56,108559,1338199,9.55,13,15008.0,2,742,salaried,Low
39,80337,960902,13.14,3,32441.0,0,698,salaried,High
46,38350,1570660,13.34,5,36011.0,2,720,business,High
23,49354,1409004,14.5,7,26795.0,2,651,business,High
39,70186,1670073,8.21,2,75693.0,3,668,business,High
40,53145,1536180,14.1,11,22963.0,0,846,salaried,High
52,59020,840340,11.69,5,18562.0,2,604,salaried,Medium
27,100186,1449265,12.43,7,25918.0,2,619,salaried,Medium
53,45581,1002436,12.51,10,14679.0,0,678,business,Medium
59,48051,746636,13.74,12,10608.0,3,745,salaried,Low
38,76474,956031,10.33,12,11608.0,2,710,business,Low
21,94626,562307,13.13,14,7331.0,1,601,salaried,Low
31,31960,1652144,11.7,3,54638.0,2,692,business,High
48,60772,1271248,13.55,12,17910.0,1,612,business,Medium
45,46520,763547,14.93,8,13671.0,3,603,business,Medium
43,74481,703850,9.4,7,11468.0,2,769,salaried,Low
51,61408,1484446,14.96,3,51430.0,0,708,salaried,High
50,82134,1633140,8.63,9,21798.0,0,673,salaried,Medium
55,45491,810259,8.02,8,11463.0,2,788,salaried,Medium
27,26341,1640020,8.31,12,18032.0,3,694,salaried,High
36,69623,1359325,10.39,6,25451.0,3,704,salaried,Medium
46,25338,928419,12.43,13,12027.0,0,607,salaried,High
22,96431,1648207,8.48,6,29286.0,2,666,salaried,Medium
21,37254,525019,8.04,8,7433.0,3,839,salaried,Low
32,76860,1775153,14.56,10,28163.0,0,790,salaried,Medium
25,36344,897218,13.75,12,12753.0,1,709,business,Medium
57,26750,1639100,13.66,10,25116.0,2,608,salaried,High
52,79756,1117052,14.19,10,17472.0,1,821,salaried,Low
29,92957,1605129,12.9,7,29113.0,1,716,salaried,Medium
55,83053,1797108,8.73,11,21228.0,3,610,business,Medium
39,95855,1019401,10.79,7,17342.0,3,698,salaried,Low
36,40896,1728080,13.06,4,46412.0,3,828,salaried,High
23,80761,1401928,9.96,2,64666.0,2,641,salaried,High
40,87552,724127,12.81,8,12094.0,1,740,salaried,Low
44,102454,1512432,8.17,5,30790.0,2,763,salaried,Medium
53,52935,303191,10.14,2,14010.0,3,719,business,Medium
44,62641,928864,11.84,9,14020.0,1,740,business,Low
31,54711,1544289,12.42,13,19995.0,2,611,salaried,Medium
28,95342,742939,12.04,7,13131.0,2,636,salaried,Low
56,37182,1352207,12.88,7,24511.0,0,673,salaried,High
58,81276,1485820,8.04,3,46588.0,2,847,salaried,High
40,44541,604224,8.71,2,27523.0,3,672,salaried,High
55,107310,520169,14.08,14,7104.0,2,651,salaried,Low
45,69813,914641,12.77,3,30717.0,1,798,business,High
55,62198,1762073,8.79,5,36398.0,2,729,business,High
45,33820,852959,13.89,3,29107.0,0,845,salaried,High
49,49070,521972,9.7,2,24014.0,1,655,salaried,High
38,94768,1738454,11.35,8,27638.0,1,659,salaried,Medium
38,36122,1048321,9.02,12,11942.0,0,622,salaried,Medium
22,105559,808679,12.97,12,11101.0,3,702,salaried,Low
55,98543,721818,12.67,13,9459.0,1,639,salaried,Low
36,108441,1004590,9.48,9,13862.0,3,663,business,Low
56,66786,1291120,14.04,7,24224.0,1,830,business,Medium
53,31737,1355675,10.81,5,29347.0,1,684,salaried,High
24,61062,1767223,10.05,7,29384.0,3,750,business,High
53,79237,880780,9.07,4,21948.0,1,756,salaried,Medium
34,76571,1445298,9.86,13,16471.0,3,805,salaried,Low
41,50510,1265188,8.15,9,16570.0,0,817,salaried,Medium
40,44426,854399,12.08,11,11727.0,3,778,salaried,Medium
28,62265,363936,13.9,14,4927.0,0,796,salaried,Low
27,42850,523332,11.84,14,6392.0,1,846,salaried,Low
23,91150,1025836,9.53,3,32875.0,3,822,business,Medium
37,99910,1671640,8.24,6,29506.0,1,688,salaried,Medium
53,77375,787510,9.5,2,36158.0,3,630,salaried,High
32,60435,363530,10.91,7,6207.0,0,777,salaried,Low
42,82132,1778016,13.32,3,60183.0,0,619,business,High
42,103945,1618508,9.31,5,33842.0,3,835,salaried,Medium
50,107050,1496179,13.04,7,27251.0,0,782,business,Medium
58,27983,1174772,14.07,11,17539.0,1,808,business,High
58,45662,1262361,11.18,12,15959.0,1,836,salaried,Medium
28,48510,441214,13.75,9,7142.0,2,729,business,Low
47,103187,939341,11.88,13,11847.0,0,752,salaried,Low
47,65998,703082,12.46,9,10859.0,1,612,salaried,Low
54,81846,501139,11.68,12,6485.0,3,721,business,Low
41,31640,1328494,11.24,7,22915.0,0,702,salaried,High
50,69547,1321318,9.64,5,27841.0,1,819,salaried,High
53,79620,949714,10.12,9,13433.0,0,705,salaried,Low
48,40317,888315,10.03,14,9860.0,3,718,salaried,Low
53,32564,1799698,11.94,9,27266.0,1,669,business,High
25,52345,1507786,8.84,11,17901.0,2,794,salaried,Medium
39,104273,392601,14.42,2,18928.0,2,785,business,Low
24,99859,1378532,13.04,5,31394.0,0,698,salaried,Medium
55,105765,1586916,10.81,5,34353.0,3,681,business,Medium
37,99038,929085,9.11,8,13664.0,1,674,salaried,Low
48,77393,1212735,14.17,12,17559.0,3,717,salaried,Low
50,91081,721486,13.77,8,12439.0,1,683,business,Low
49,54430,903103,13.05,14,11727.0,0,791,salaried,Low
26,100532,339279,9.9,12,4035.0,1,668,salaried,Low
55,52788,671931,10.82,9,9761.0,3,810,salaried,Low
57,73543,448702,8.72,12,5036.0,3,813,business,Low
44,38919,1409639,9.32,6,25634.0,0,658,salaried,High
49,94346,1073887,13.48,8,18339.0,3,787,business,Low
51,64974,1602887,13.01,9,25260.0,1,810,salaried,Medium
55,41371,952184,12.15,10,13744.0,0,725,salaried,Medium
53,70084,745377,14.27,4,20470.0,1,710,business,Medium
41,54629,819089,12.08,4,21602.0,3,661,business,Medium
52,76184,1046434,11.27,5,22893.0,0,743,business,Medium
43,86916,1557008,10.38,6,29144.0,1,727,business,Medium
53,98972,482051,14.58,11,7349.0,3,815,salaried,Low
23,87187,1446237,8.58,2,65793.0,3,704,salaried,High
38,37984,1243693,14.52,8,21974.0,2,667,salaried,High
45,58039,423257,13.79,10,6518.0,3,614,business,Low
51,108691,1279062,8.91,9,17261.0,1,816,business,Low
23,83606,1617630,11.95,6,31583.0,0,835,salaried,Medium
44,35616,1275217,14.07,5,29718.0,2,782,salaried,High
52,75072,1303171,12.0,13,16533.0,3,634,salaried,Low
42,49574,1767019,14.35,8,31049.0,3,782,business,High
43,28430,1223482,14.6,6,25606.0,3,613,salaried,High
22,37676,1103585,10.96,8,17312.0,1,776,salaried,High
47,35816,1670485,10.64,13,19810.0,2,810,salaried,High
22,57733,1054444,14.55,2,50901.0,1,701,business,High
46,27050,412990,12.73,2,19582.0,2,699,business,High
37,58933,1418095,8.81,11,16813.0,0,606,salaried,Medium
53,49951,1358079,8.3,14,13695.0,1,629,salaried,Medium
29,57413,1540351,11.95,4,40526.0,1,810,salaried,High
59,59801,1281883,14.51,12,18837.0,0,648,business,Medium
49,80619,1013226,13.91,3,34585.0,2,816,business,High
46,57913,1496553,12.73,3,50230.0,3,743,salaried,High
55,65600,326806,8.97,8,4783.0,0,710,salaried,Low
45,82775,1524648,9.78,13,17304.0,3,845,salaried,Low
44,60400,715384,14.13,11,10707.0,3,831,salaried,Low
33,29494,370119,9.28,3,11818.0,0,778,business,High
27,105688,1533741,9.95,12,18285.0,2,671,salaried,Low
56,99691,929720,8.91,5,19259.0,3,809,salaried,Low
40,68001,770641,12.73,3,25866.0,0,819,salaried,Medium
21,92364,1179381,14.61,7,22501.0,1,679,salaried,Low
28,70028,707507,9.88,9,9915.0,1,843,salaried,Low
36,62573,1163403,11.33,11,15455.0,1,682,salaried,Low
34,25806,1179903,12.44,5,26509.0,0,641,salaried,High
32,81638,1185421,15.0,6,25066.0,1,616,business,Medium
43,54757,384080,8.73,5,7923.0,3,790,salaried,Low
35,59636,1601367,11.49,4,41770.0,1,772,salaried,High
48,105097,1278836,10.7,6,24145.0,1,804,business,Low
54,73280,1426370,14.06,10,22198.0,3,606,salaried,Medium
22,49262,592985,11.33,9,8781.0,1,754,business,Low
52,105435,424447,8.78,9,5699.0,3,609,salaried,Low
43,87211,420029,12.44,9,6482.0,1,633,salaried,Low
42,79842,479830,13.4,13,6509.0,3,635,salaried,Low
45,81979,1686992,8.02,9,21980.0,1,752,salaried,Medium
42,106470,861931,14.01,8,14978.0,3,605,salaried,Low
42,63197,606094,9.3,9,8305.0,0,751,business,Low
26,66844,1536497,11.86,12,20051.0,3,745,salaried,Medium
35,89754,1711220,10.91,9,24943.0,1,814,salaried,Medium
57,59157,983404,13.04,14,12763.0,1,733,salaried,Low
53,102129,687732,10.6,9,9907.0,2,628,salaried,Low
28,65042,1166183,14.09,13,16337.0,3,725,salaried,Medium
25,86665,922893,13.11,11,13237.0,0,752,salaried,Low
59,107856,1141965,12.53,8,18894.0,3,782,business,Low
24,52376,644710,13.57,13,8816.0,3,680,business,Low
26,80554,932543,13.28,2,44458.0,0,773,salaried,High
52,39199,1084586,8.25,5,22121.0,3,751,salaried,High
50,106412,1311967,10.76,14,15144.0,0,674,business,Low
55,75948,751157,14.52,14,10478.0,0,625,business,Low
36,98781,1406581,8.88,5,29116.0,3,726,salaried,Medium
33,97750,1565898,13.16,6,31566.0,3,714,business,Medium
50,91262,1538360,14.82,11,23685.0,1,725,salaried,Medium
39,71600,323387,8.37,7,5100.0,1,825,business,Low
37,101898,1180412,12.78,5,26725.0,2,627,salaried,Medium
39,87483,1434033,11.28,3,47139.0,2,730,salaried,High
48,43297,444129,12.05,7,7852.0,3,674,business,Low
46,55448,1328308,8.6,9,17709.0,0,765,salaried,Medium
57,51172,617875,8.3,9,8140.0,2,788,salaried,Low
46,67874,1528337,12.67,8,25406.0,3,677,salaried,Medium
43,32657,868926,13.76,7,16169.0,2,778,business,High
29,109386,784814,13.47,3,26622.0,0,689,business,Low
32,50425,1526134,11.81,8,24645.0,3,775,business,High
21,51685,722955,8.7,12,8106.0,0,620,salaried,Low
21,49578,1719541,12.82,13,22695.0,3,653,business,High
54,53831,1352330,9.69,6,24842.0,2,783,salaried,High
52,32906,367260,14.38,7,6960.0,1,702,salaried,Low
45,86413,1415488,13.87,11,20959.0,2,821,business,Low
21,79028,556695,12.97,9,8760.0,2,658,salaried,Low
36,32287,832994,14.64,9,13920.0,1,671,salaried,High
59,58660,1095326,8.22,4,26853.0,1,778,salaried,High
25,100758,646130,13.15,13,8663.0,3,619,salaried,Low
42,85504,1168374,10.31,13,13625.0,3,711,business,Low
49,84720,329725,14.34,8,5792.0,0,823,salaried,Low
23,59701,1485574,9.87,2,68463.0,0,813,business,High
32,108300,404555,13.07,2,19247.0,2,658,salaried,Low
46,42674,561486,14.14,8,9799.0,1,670,salaried,Low
36,108560,1095928,8.29,11,12682.0,0,736,salaried,Low
57,48874,1188036,10.78,10,16218.0,2,708,business,Medium
42,68642,1174631,13.34,8,19966.0,1,728,salaried,Medium
49,90160,865609,11.18,11,11423.0,3,756,business,Low
34,42602,533103,9.87,6,9841.0,2,790,business,Low
48,50931,1282599,9.54,9,17739.0,3,799,salaried,Medium
25,54192,715872,8.92,3,22738.0,0,655,salaried,High
50,71542,355147,14.0,10,5514.0,0,845,business,Low
25,67520,742882,12.03,7,13126.0,1,795,business,Low
32,89772,775584,8.53,14,7924.0,2,634,salaried,Low
36,83762,600931,10.68,10,8169.0,3,722,salaried,Low
46,75106,544839,10.57,3,17727.0,1,730,business,Low
46,106121,756162,9.27,4,18914.0,0,845,business,Low
41,50559,846015,11.05,13,10241.0,0,836,salaried,Low
59,58742,1443657,10.32,9,20576.0,2,703,business,Medium
56,94669,1733441,10.39,2,80302.0,3,606,business,High
53,105199,989556,13.17,11,14229.0,2,626,salaried,Low
50,46754,992095,9.56,8,14824.0,3,600,business,Medium
57,28972,1060109,12.49,8,17516.0,3,818,salaried,High
43,95831,1428678,11.99,14,17584.0,2,807,salaried,Low
30,66873,1297082,11.98,2,61046.0,1,829,salaried,High
25,34903,456570,12.64,10,6720.0,2,798,salaried,Low
56,28020,1416271,11.84,9,21377.0,2,771,business,High
54,66755,731116,14.15,5,17069.0,0,686,salaried,Medium
51,70648,821608,12.73,11,11596.0,0,640,salaried,Low
30,34516,417235,11.83,12,5437.0,2,722,salaried,Low
39,27396,1302403,13.81,6,26705.0,2,674,salaried,High
52,109082,1789493,12.24,3,59642.0,0,641,salaried,High
21,44129,1367609,10.04,14,15189.0,3,716,business,Medium
25,26591,816409,9.45,10,10542.0,2,760,salaried,Medium
24,36303,966165,9.07,13,10567.0,1,777,business,Medium
36,55561,991211,14.3,13,14021.0,1,662,business,Medium
44,96719,851120,12.97,7,15470.0,1,827,salaried,Low
36,32314,1543085,14.56,4,42602.0,2,764,business,High
22,44623,1726445,12.22,13,22138.0,3,832,salaried,High
48,92675,445016,11.31,8,7065.0,3,786,salaried,Low
52,90082,582017,8.42,10,7191.0,0,726,salaried,Low
47,108624,1438040,12.7,4,38365.0,2,808,salaried,Medium
40,58130,970739,12.08,3,32280.0,3,826,salaried,High
44,76756,1465898,14.93,8,26247.0,2,775,business,Medium
32,51292,1045182,9.67,8,15678.0,0,732,salaried,Medium
55,94274,747557,11.72,5,16523.0,0,647,business,Low
53,27469,1098519,12.56,12,14803.0,0,823,salaried,High
53,78947,716978,12.51,10,10499.0,1,602,business,Low
57,47534,1333316,11.93,9,20193.0,2,715,salaried,High
32,88620,1169049,13.44,14,15476.0,0,774,salaried,Low
23,73874,924771,9.43,14,9934.0,2,789,salaried,Low
21,74708,823886,13.08,2,39200.0,1,698,salaried,High
53,99553,1583203,12.34,2,74778.0,1,715,salaried,High
30,93344,842601,14.27,6,17484.0,0,613,business,Low
49,74138,1463490,13.93,7,27369.0,0,790,salaried,Medium
33,79302,847993,10.21,4,21593.0,3,711,business,Medium
32,72638,403892,9.93,14,4459.0,2,660,business,Low
51,103249,1612743,14.87,10,25891.0,0,758,business,Medium
22,27719,943942,11.69,13,11795.0,3,694,salaried,High
55,47890,1539444,14.34,11,23241.0,2,616,salaried,High
43,102236,1428649,9.15,7,23095.0,0,723,business,Low
37,61509,404195,12.5,5,9094.0,3,623,business,Low
46,67534,1016987,13.67,13,13972.0,3,715,salaried,Low
28,43787,1382424,14.63,8,24513.0,2,750,salaried,High
49,73845,1232883,10.36,9,17599.0,3,681,salaried,Low
46,82932,1638486,13.07,10,24532.0,2,649,salaried,Medium
30,58062,1326630,11.77,14,16144.0,2,845,business,Medium
46,100713,368099,8.42,12,4070.0,2,805,salaried,Low
54,85461,1777852,12.83,7,32179.0,1,841,salaried,Medium
27,100418,1312237,12.83,7,23751.0,3,678,salaried,Low
24,91672,1417698,14.51,9,23581.0,2,678,salaried,Medium
31,59832,873156,11.48,13,10798.0,0,669,business,Low
49,56966,1765017,9.61,6,32352.0,1,626,business,High
56,97545,1617363,8.31,4,39720.0,1,614,salaried,High
45,37987,786275,10.91,13,9452.0,3,649,business,Low
41,62311,598871,10.11,4,15221.0,2,635,salaried,Low
56,56575,1457655,13.33,14,19192.0,3,846,salaried,Medium
30,88852,1152129,10.48,7,19414.0,1,607,salaried,Low
57,26007,1364605,14.64,3,47064.0,2,678,salaried,High
29,95981,1594929,14.74,7,30545.0,0,730,salaried,Medium
44,101242,707442,12.35,14,8869.0,2,789,salaried,Low
55,72517,1543294,14.5,7,29349.0,1,646,business,High
55,54257,1770523,13.33,9,28229.0,0,804,salaried,High
56,67207,1720178,11.83,8,27797.0,2,704,business,High
38,38281,1196816,9.26,9,16374.0,0,697,salaried,High
59,86246,1417502,11.21,10,19695.0,0,815,business,Low
52,26435,617650,11.93,7,10880.0,1,831,business,High
44,51660,743031,14.05,4,20323.0,0,695,salaried,Medium
43,30084,1390668,11.37,11,18506.0,3,788,business,High
52,107197,1673259,14.28,4,45960.0,1,759,salaried,High
57,38507,1283581,12.72,12,17423.0,3,821,business,High
32,97595,452889,8.96,13,4925.0,0,715,salaried,Low
33,108807,993221,14.96,2,48139.0,3,840,salaried,High
43,70539,475006,11.69,12,6150.0,2,612,business,Low
45,32491,1069727,10.74,14,12335.0,0,600,salaried,Medium
55,75192,1489906,12.61,6,29603.0,2,633,salaried,Medium
50,105395,1406351,8.76,5,29030.0,3,789,business,Medium
37,88888,1616189,12.46,10,23619.0,2,678,salaried,Medium
40,98609,590998,11.49,10,8306.0,0,835,salaried,Low
45,34077,961616,10.85,6,18230.0,2,677,salaried,High
42,45953,376256,14.67,11,5758.0,3,720,salaried,Low
33,101919,1251441,11.66,5,27623.0,3,692,business,Medium
39,92889,1709854,9.53,8,25522.0,3,697,salaried,Medium
56,48821,481360,11.21,7,8295.0,0,681,salaried,Low
32,62567,646874,14.44,5,15200.0,3,845,business,Low
39,49860,718267,9.23,14,7631.0,0,798,business,Low
32,46195,1638106,9.5,14,17665.0,2,820,salaried,Medium
29,102475,1591210,8.09,11,18242.0,3,846,salaried,Low
27,46427,1233688,8.1,3,38716.0,2,758,business,High
48,52083,333787,13.81,2,15996.0,1,791,business,Medium
34,82372,845909,13.12,5,19299.0,2,752,salaried,Low
51,69064,902272,10.49,5,19389.0,1,637,salaried,Medium
39,32813,1787045,12.89,14,23020.0,2,613,salaried,High
36,56598,611955,10.77,2,28457.0,0,735,salaried,High
25,52082,330447,14.67,7,6316.0,2,690,salaried,Low
55,54241,428046,14.77,5,10132.0,0,653,business,Low
32,69569,1039290,10.75,2,48319.0,0,729,salaried,High
45,36745,1317541,13.98,2,63246.0,3,808,business,High
41,51029,941147,13.41,14,12440.0,0,700,salaried,Low
56,38025,488490,10.17,2,22580.0,1,805,business,High
43,39288,1332038,9.62,9,18480.0,3,688,business,High
36,31540,707688,11.21,11,9352.0,3,655,salaried,Medium
59,106958,804409,13.47,9,12891.0,2,693,salaried,Low
59,93878,1586980,14.72,3,54796.0,0,692,salaried,High
34,66846,816595,13.35,12,11403.0,0,683,business,Low
51,100932,963689,13.99,14,13105.0,1,684,business,Low
25,42482,465937,12.22,8,7629.0,2,788,salaried,Low
55,48411,1395426,13.85,9,22670.0,2,844,salaried,High
43,75975,1664940,13.49,9,26700.0,3,621,salaried,Medium
49,85545,543306,10.64,12,6695.0,3,634,business,Low
31,103797,1442384,11.86,11,19609.0,3,828,salaried,Low
38,77307,961757,13.63,12,13598.0,1,615,salaried,Low
32,28093,528981,8.32,14,5340.0,1,649,salaried,Low
29,102258,822220,13.66,8,14125.0,3,721,salaried,Low
30,47042,353072,9.25,6,6408.0,2,727,business,Low
37,77930,1371860,11.6,2,64322.0,1,712,salaried,High
58,69413,383369,13.66,13,5265.0,2,770,salaried,Low
27,58756,1111554,9.78,10,14554.0,2,616,salaried,Low
33,78268,1037266,9.72,14,11321.0,0,679,salaried,Low
29,64214,887100,10.82,8,13849.0,3,785,salaried,Low
47,106871,1618719,14.26,3,55529.0,0,846,business,High
22,53602,584580,8.0,7,9111.0,3,729,business,Low
25,78331,823156,14.31,3,28258.0,3,731,salaried,Medium
49,73901,1069097,9.08,2,48881.0,2,684,salaried,High
57,88416,1767071,14.93,8,31639.0,3,766,business,Medium
58,57196,552164,14.68,14,7761.0,2,825,salaried,Low
39,30626,1069605,11.46,3,35251.0,2,693,salaried,High
28,32424,1636921,11.59,14,19736.0,3,733,business,High
21,37857,450787,11.37,3,14837.0,2,680,business,Medium
42,44982,460381,12.45,14,5801.0,2,830,business,Low
37,101961,749830,8.64,12,8382.0,2,816,business,Low
27,26980,1204098,8.23,6,21247.0,1,668,business,High
45,73290,1705568,8.4,6,30238.0,2,668,salaried,High
24,51431,368920,11.11,8,5817.0,1,747,salaried,Low
56,109976,1130051,9.93,2,52110.0,1,791,salaried,High
26,107711,950024,12.35,9,14614.0,2,615,salaried,Low
51,51385,1230997,14.95,4,34228.0,2,650,salaried,High
39,63158,841357,10.7,5,18168.0,1,704,salaried,Medium
59,48019,307531,12.02,10,4416.0,1,764,salaried,Low
47,43639,730267,10.91,5,15845.0,2,831,salaried,Medium
30,46563,1415731,13.93,11,21014.0,2,800,salaried,High
46,64341,1231479,14.32,13,17436.0,3,796,salaried,Medium
39,30776,607747,14.14,6,12569.0,1,769,salaried,High
59,61444,1240756,14.82,8,22137.0,1,784,business,Medium
23,93916,774013,8.19,5,15765.0,3,665,salaried,Low
33,33711,432503,13.88,2,20741.0,1,608,salaried,High
48,99318,992841,13.26,10,14977.0,0,706,business,Low
40,107970,964917,9.6,5,20312.0,1,699,salaried,Low
48,55707,1714022,14.69,10,27329.0,3,685,salaried,High
28,64110,1252246,9.04,7,20173.0,0,663,salaried,Medium
59,86788,319675,12.76,2,15162.0,2,813,salaried,Low
21,107879,373997,9.57,13,4199.0,3,621,business,Low
23,63827,448087,11.02,4,11585.0,3,761,salaried,Low
33,30655,1267561,13.03,12,17448.0,2,782,business,High
48,69859,786799,11.94,3,26110.0,3,756,salaried,Medium
45,78625,819349,10.99,10,11282.0,1,765,salaried,Low
53,77098,1055678,10.28,13,12292.0,2,709,salaried,Low
58,40251,440905,13.88,2,21144.0,3,696,salaried,High
26,25526,570040,9.01,14,5983.0,2,617,salaried,Low
52,93760,1774764,11.01,10,24457.0,2,670,salaried,Medium
41,72837,611877,14.33,10,9622.0,2,792,salaried,Low
36,36536,866088,13.92,9,14106.0,0,726,salaried,Medium
41,53541,1444620,10.81,9,20977.0,3,696,salaried,Medium
31,104083,567491,13.34,12,7921.0,0,600,business,Low
57,76027,789066,13.76,13,10886.0,3,815,salaried,Low
56,59531,958003,14.22,2,46096.0,1,731,salaried,High
55,33712,602929,11.81,12,7850.0,1,603,salaried,Low
39,90455,1105113,9.43,9,15219.0,1,724,salaried,Low
40,99744,666008,9.79,11,8259.0,3,681,business,Low
38,30109,1233396,10.07,4,31324.0,2,626,salaried,High
34,74268,1133731,12.16,12,15001.0,2,770,business,Low
35,79615,1365649,8.23,8,19466.0,0,658,salaried,Low
51,107503,1053158,12.45,12,14121.0,0,631,business,Low
21,54759,1756081,10.55,2,81481.0,1,760,salaried,High
23,85112,415359,10.07,2,19180.0,0,627,business,Low
36,51589,1225431,14.16,11,18364.0,3,705,salaried,Medium
43,55015,366707,11.22,14,4337.0,3,704,salaried,Low
31,54009,551351,8.67,6,9848.0,0,782,salaried,Low
32,108309,770670,13.79,6,15794.0,0,827,salaried,Low
30,87046,1587087,8.33,9,20934.0,0,787,business,Low
52,51143,1584294,13.09,8,26707.0,0,669,salaried,High
36,31154,350601,13.42,9,5608.0,1,661,salaried,Low
28,46804,1294969,10.47,7,21814.0,1,807,salaried,High
58,66688,1744331,13.77,7,32468.0,0,633,salaried,High
32,89288,795479,11.61,3,26273.0,3,686,salaried,Medium
44,76195,1762436,11.24,7,30400.0,1,713,business,Medium
48,45581,1760537,8.32,6,31144.0,3,705,salaried,High
28,77648,551924,10.03,14,6126.0,2,815,business,Low
48,55087,1083441,14.52,4,29890.0,3,655,salaried,High
56,74930,549430,10.74,7,9333.0,0,712,salaried,Low
46,57981,1776313,11.83,9,26802.0,2,612,business,High
28,94298,1471364,11.72,10,20872.0,1,783,salaried,Low
48,71167,580466,12.13,2,27360.0,1,617,salaried,Medium
48,100304,750930,8.43,4,18484.0,2,781,salaried,Low
57,68408,1698616,10.54,4,43523.0,3,804,salaried,High
56,64499,1410868,13.06,12,19447.0,1,712,salaried,Medium
47,77269,853343,9.4,9,11738.0,0,828,business,Low
37,63559,605035,9.43,2,27760.0,2,770,salaried,High
29,99319,1701256,8.07,6,29887.0,0,638,salaried,Medium
53,73787,568448,11.06,4,14708.0,2,788,business,Low
40,60488,1508948,14.18,3,51704.0,1,769,business,High
33,99441,1241763,8.36,9,16399.0,3,808,salaried,Low
48,99663,391006,9.34,4,9793.0,2,678,salaried,Low
49,47431,429350,10.17,8,6554.0,2,745,salaried,Low
33,86681,988725,13.12,13,13237.0,0,750,business,Low
55,88483,1105878,12.48,12,14848.0,1,781,business,Low
26,74153,1088768,10.91,2,50700.0,0,842,salaried,High
38,31368,506487,13.31,7,9300.0,1,629,salaried,Medium
25,52424,397852,12.27,4,10530.0,0,849,salaried,Low
45,70004,1487169,14.27,9,24527.0,2,697,business,Medium
22,108869,1027067,13.73,7,19094.0,0,657,salaried,Low
30,81985,978841,9.77,13,11103.0,3,795,business,Low
50,75069,580618,9.9,3,18708.0,1,666,business,Low
25,77326,1526408,8.88,7,24466.0,1,670,salaried,Medium
53,106061,1142150,10.36,8,17549.0,2,847,salaried,Low
21,48398,1655349,15.0,6,35002.0,1,745,salaried,High
38,75861,345232,10.84,4,8896.0,3,705,salaried,Low
52,100897,648688,9.54,5,13636.0,0,606,salaried,Low
31,106905,760385,13.34,5,17434.0,2,639,salaried,Low
41,93577,1083301,11.8,7,19008.0,3,669,business,Low
46,90641,612813,9.05,11,7347.0,1,813,business,Low
45,34078,1557669,10.66,2,72354.0,1,849,salaried,High
42,50003,1326657,10.9,12,16552.0,3,792,salaried,Medium
47,87768,1679904,13.28,5,38464.0,0,667,salaried,High
33,76047,1361716,8.14,11,15647.0,0,837,business,Low
53,96626,1737188,9.88,14,19127.0,2,648,business,Low
54,82660,838645,11.62,5,18495.0,1,651,salaried,Low
55,74786,1460248,9.88,11,18183.0,3,713,salaried,Low
21,26925,630817,12.4,2,29813.0,0,706,salaried,High
41,108976,1032303,11.37,10,14437.0,2,628,salaried,Low
26,51015,920399,10.53,5,19797.0,1,748,salaried,Medium
48,58320,1164690,14.64,8,20659.0,1,817,business,Medium
37,89881,706140,12.43,13,9147.0,2,677,business,Low
25,51289,1417862,8.91,4,35223.0,2,608,salaried,High
51,28389,393269,11.92,11,5360.0,0,774,business,Low
25,50683,558635,13.47,13,7603.0,3,675,business,Low
58,38629,1422647,12.96,4,38138.0,1,641,salaried,High
23,86550,1799118,9.2,9,24556.0,3,778,salaried,Medium
43,49826,1569671,14.81,9,26388.0,1,783,business,High
57,51630,813317,11.14,12,10263.0,1,778,salaried,Low
57,71163,1379227,9.11,13,15116.0,3,797,business,Low
30,91435,370202,9.26,2,16957.0,2,727,business,Low
30,36653,1397353,8.69,11,16475.0,0,619,business,High
39,52961,448066,13.62,3,15231.0,1,815,business,Medium
37,106941,1153695,8.85,9,15533.0,2,754,business,Low
41,99137,490706,8.88,2,22391.0,1,765,business,Low
34,58662,924446,13.95,13,12867.0,0,671,salaried,Low
29,81446,1097232,10.41,9,15692.0,1,664,salaried,Low
21,46288,1124255,8.22,9,14765.0,0,781,salaried,Medium
33,61877,1674598,8.36,3,52754.0,0,840,business,High
24,40313,580852,9.0,5,12058.0,1,712,salaried,Medium
21,105885,968179,9.49,7,15819.0,1,623,salaried,Low
52,97715,888158,12.66,13,11633.0,0,727,salaried,Low
54,35326,833571,9.1,12,9533.0,2,774,business,Medium
48,26560,1165139,8.83,10,14653.0,3,798,business,High
51,104148,1772725,13.35,9,28285.0,0,682,business,Medium
28,108186,1551703,12.7,13,20363.0,1,813,salaried,Low
59,51745,1490631,11.05,9,21843.0,1,662,business,High
46,56890,1104565,11.85,8,17861.0,2,784,business,Medium
54,45022,825069,10.18,14,9233.0,3,782,salaried,Low
23,77579,414586,11.38,10,5800.0,0,659,salaried,Low
32,95316,1798492,11.55,3,59350.0,0,698,salaried,High
21,108847,589768,10.71,4,15160.0,3,661,business,Low
25,53380,831111,14.35,11,12552.0,0,629,salaried,Low
50,27356,842777,8.11,9,11020.0,3,820,salaried,High
50,95326,1336059,13.48,7,24656.0,1,621,business,Medium
37,45049,471033,8.87,11,5600.0,3,802,salaried,Low
43,100717,1639838,13.58,10,25049.0,0,811,salaried,Low
35,41082,1448993,12.31,11,20086.0,3,725,salaried,High
57,25661,1430392,13.9,5,33209.0,2,756,salaried,High
41,62412,575709,8.68,9,7699.0,1,842,business,Low
34,27920,474023,11.91,11,6458.0,1,768,salaried,Low
22,85315,1177611,11.51,4,30728.0,3,641,salaried,Medium
31,104561,847936,12.94,4,22723.0,0,697,salaried,Low
59,33946,743945,11.74,9,11187.0,2,792,salaried,Medium
58,70500,1390547,11.79,6,27034.0,1,630,salaried,Medium
54,41309,318658,11.01,4,8237.0,1,757,business,Low
58,80230,321253,10.16,11,4051.0,0,711,business,Low
54,55027,479635,11.38,12,6121.0,0,745,business,Low
38,97541,457462,8.83,2,20863.0,2,846,business,Low
50,84321,1699384,14.73,4,47063.0,3,721,salaried,High
35,25956,510097,13.0,13,6790.0,0,616,salaried,Medium
47,99131,928138,14.67,10,14787.0,3,637,business,Low
54,72908,1250162,9.59,6,22903.0,2,741,salaried,Medium
58,103339,962212,14.16,13,13523.0,3,814,salaried,Low
53,50963,820498,13.66,11,12043.0,1,816,salaried,Low
44,64443,1574634,12.74,3,52859.0,3,806,salaried,High
35,64063,957911,12.38,8,15769.0,2,709,salaried,Low
50,105818,1158379,10.22,3,37497.0,2,783,business,Medium
37,29703,1528807,13.71,5,35343.0,2,621,salaried,High
25,90128,422775,11.51,13,5236.0,3,794,salaried,Low
49,97099,1269211,8.5,8,18267.0,1,655,business,Low
24,50849,977160,10.19,5,20853.0,0,718,business,High
30,56860,619972,14.55,8,10965.0,1,746,salaried,Low
37,56585,1610292,13.95,8,27927.0,3,656,salaried,High
30,47015,1749031,14.87,2,84697.0,3,771,business,High
37,102539,568854,12.4,7,10164.0,0,825,business,Low
40,68585,714600,9.73,10,9337.0,3,634,business,Low
44,51958,471918,9.14,3,15038.0,2,713,business,Medium
25,51017,519055,9.31,4,12993.0,2,724,business,Medium
54,101707,1648711,8.14,11,18945.0,2,728,salaried,Low
26,70350,1034417,10.73,6,19546.0,2,651,business,Medium
22,37201,1330697,9.34,10,17103.0,2,684,salaried,High
33,54426,1748763,10.88,5,37918.0,3,820,business,High
31,42778,722355,14.54,2,34867.0,0,797,salaried,High
43,70241,1171877,11.01,5,25485.0,0,764,salaried,Medium
36,67229,1556715,14.15,7,29302.0,2,664,salaried,High
51,73364,380257,12.24,6,7482.0,3,778,salaried,Low
31,109878,1124143,9.73,14,12276.0,1,728,salaried,Low
36,82056,1355106,10.49,2,62838.0,1,818,salaried,High
28,52490,1621836,8.59,5,33345.0,3,620,salaried,High
24,44975,1217786,10.33,7,20425.0,2,780,business,High
24,51723,510545,12.74,14,6527.0,0,615,salaried,Low
45,48279,828423,8.5,11,9681.0,3,835,business,Low
23,103301,1224133,9.44,11,14941.0,1,722,business,Low
52,36561,671616,10.67,5,14492.0,1,660,business,Medium
23,91061,1075158,14.87,10,17261.0,1,653,salaried,Low
47,74153,913375,13.49,6,18572.0,2,767,business,Medium
49,58142,1216383,13.13,9,19253.0,1,625,salaried,Medium
52,51916,579215,8.81,10,7278.0,3,679,salaried,Low
39,89324,1368650,13.47,11,19930.0,3,819,salaried,Low
41,69965,1046084,13.5,6,21276.0,1,664,salaried,Medium
25,29648,1388477,12.21,7,24667.0,3,699,business,High
38,60133,573349,14.93,2,27781.0,1,673,salaried,High
48,75677,695807,10.28,12,8428.0,1,791,business,Low
42,95135,1691405,14.59,13,24245.0,0,770,business,Medium
41,60046,1721174,14.4,8,30293.0,2,616,salaried,High
26,72064,1716207,8.08,5,34864.0,2,720,salaried,High
21,94350,878688,11.15,12,11093.0,0,786,salaried,Low
25,70893,1504798,14.84,3,52046.0,0,622,salaried,High
32,86272,331852,8.72,6,5936.0,2,734,salaried,Low
46,92649,1260374,11.83,13,15858.0,1,771,business,Low
54,89674,677501,14.85,4,18804.0,1,780,business,Low
34,38760,1405057,11.89,7,24721.0,2,670,salaried,High
46,46927,333691,9.33,9,4578.0,1,707,salaried,Low
47,86367,694341,12.08,8,11316.0,0,678,business,Low
29,37588,1546713,9.43,4,38807.0,1,761,salaried,High
46,77233,1346238,11.64,9,20169.0,1,645,business,Medium
42,69738,832726,8.52,3,26295.0,3,836,salaried,Medium
50,58397,1749796,12.24,11,24183.0,3,795,salaried,High
37,107189,1096184,11.62,10,15487.0,3,805,business,Low
46,101367,1404002,13.18,5,32075.0,1,677,salaried,Medium
56,96260,539968,12.41,2,25522.0,2,615,business,Medium
21,101619,588963,11.85,9,8893.0,0,670,business,Low
28,44816,795384,12.83,8,13293.0,1,695,salaried,Medium
55,67240,1178483,9.01,12,13418.0,2,746,salaried,Low
35,31276,821121,12.17,14,10200.0,1,601,business,Medium
42,104530,1503865,9.2,6,27257.0,0,609,business,Medium
34,48499,1610077,14.48,11,24447.0,1,777,salaried,High
46,107495,819165,8.48,14,8345.0,0,724,business,Low
48,96635,519780,11.01,6,9896.0,1,680,salaried,Low
43,60946,1643714,12.87,8,27507.0,0,828,salaried,High
34,80204,1446332,11.21,6,27685.0,1,739,business,Medium
44,76886,742632,8.64,9,9916.0,0,669,salaried,Low
22,96652,1227091,11.87,12,16020.0,3,749,business,Low
46,40563,1327557,12.49,14,16761.0,1,631,salaried,High
34,34847,1444241,12.93,7,26219.0,1,704,salaried,High
27,51155,1510578,10.61,14,17298.0,2,683,salaried,Medium
23,104671,1610267,11.95,6,31439.0,2,728,salaried,Medium
43,108310,1470808,11.15,10,20385.0,0,781,business,Low
38,92278,1793934,12.7,12,24328.0,1,838,salaried,Medium
58,43309,1591627,12.08,3,52926.0,0,844,salaried,High
55,25619,1506123,11.68,2,70674.0,3,657,salaried,High
35,108194,712104,9.75,9,9929.0,2,797,salaried,Low
45,75108,608449,8.01,13,6289.0,0,810,business,Low
57,59707,833634,9.22,4,20832.0,0,745,salaried,Medium
48,45337,1361339,8.82,12,15355.0,2,733,salaried,Medium
30,106537,490237,11.14,13,5961.0,1,644,salaried,Low
59,91504,1156047,12.29,13,14874.0,0,696,salaried,Low
37,72614,729332,9.49,13,8154.0,2,622,salaried,Low
59,25281,945275,14.57,8,16729.0,1,622,salaried,High
42,52420,1565399,8.05,11,17912.0,3,753,salaried,Medium
46,105896,1439929,13.41,14,19034.0,2,804,business,Low
45,64030,521373,12.38,12,6968.0,0,734,business,Low
37,26058,1706368,10.61,9,24591.0,3,678,salaried,High
33,101260,849844,8.35,14,8594.0,1,643,salaried,Low
40,53404,1145474,12.39,14,14389.0,1,626,salaried,Medium
45,54856,671233,10.7,7,11388.0,2,625,salaried,Low
24,34200,1524744,14.55,13,21816.0,2,696,salaried,High
30,89178,968590,11.79,11,13128.0,2,806,salaried,Low
23,58997,1770801,14.58,10,28115.0,1,635,salaried,High
38,50611,1550617,9.54,8,23154.0,3,708,salaried,High
56,66235,333866,13.08,11,4782.0,1,654,salaried,Low
42,60057,1453976,12.32,6,28668.0,0,791,salaried,High
54,26239,1687695,13.18,9,26762.0,1,818,salaried,High
28,90661,735071,9.5,3,23546.0,0,784,salaried,Medium
39,70272,1692277,12.65,8,28112.0,3,668,salaried,High
57,86212,1486064,11.49,5,32675.0,2,660,salaried,Medium
26,40398,896804,13.2,10,13496.0,2,729,salaried,Medium
46,81503,486987,10.29,13,5673.0,1,654,salaried,Low
54,31638,711274,14.23,2,34228.0,2,721,salaried,High
26,31570,733934,8.59,8,10597.0,3,696,salaried,Medium
57,93785,594746,13.65,7,11031.0,2,679,salaried,Low
53,34110,1537715,14.03,9,25144.0,1,686,salaried,High
42,104141,458588,13.72,6,9381.0,3,637,business,Low
41,37115,1554311,11.59,2,72870.0,0,718,salaried,High
26,64062,1610875,11.07,2,75132.0,1,807,salaried,High
26,47911,423950,14.97,10,6832.0,0,677,business,Low
24,57556,629638,9.6,11,7741.0,3,756,salaried,Low
50,103131,900517,11.83,7,15815.0,1,753,salaried,Low
31,26969,1453224,12.69,11,20475.0,1,634,business,High
50,68753,338547,12.91,6,6780.0,3,678,business,Low
51,107811,853083,9.43,2,39141.0,2,666,salaried,Medium
44,29470,486368,12.58,7,8737.0,1,686,salaried,Medium
29,35225,845735,13.73,7,15723.0,1,756,salaried,High
23,48196,1604766,8.35,4,39441.0,0,633,salaried,High
51,38669,506402,14.38,14,7017.0,2,696,salaried,Low
57,62380,1600995,8.21,9,21018.0,0,768,salaried,Medium
56,73320,1054105,10.49,2,48880.0,0,768,salaried,High
44,72414,1149710,8.11,2,52056.0,2,750,business,High
51,40577,879365,8.54,7,13944.0,2,670,business,Medium
26,80409,412782,14.38,11,6242.0,3,602,salaried,Low
22,53625,1339550,10.48,14,15234.0,2,657,salaried,Medium
40,106040,927220,10.97,2,43203.0,1,631,salaried,High
48,49089,1311316,9.51,7,21439.0,2,630,business,High
31,61487,743316,12.18,2,35053.0,3,681,salaried,High
24,90838,1720589,12.16,14,21362.0,3,642,salaried,Low
35,75138,1659501,10.61,7,28076.0,3,734,salaried,Medium
26,67823,1534915,10.33,4,39173.0,2,704,salaried,High
50,62208,775595,14.19,9,12755.0,2,600,salaried,Low
58,79061,1765744,10.68,14,20296.0,0,660,business,Medium
22,55659,1447272,11.45,7,25125.0,0,613,business,High
35,56890,350939,9.98,14,3885.0,1,779,salaried,Low
31,104134,441521,13.51,12,6209.0,0,823,salaried,Low
28,72055,1173093,10.78,14,13555.0,1,605,salaried,Low
46,44508,1683674,11.6,2,78942.0,3,702,business,High
25,67287,1109178,9.77,6,20420.0,0,609,business,Medium
26,103916,883098,14.91,9,14899.0,2,670,business,Low
46,51984,942650,10.04,4,23926.0,0,689,business,High
24,33125,776513,13.4,13,10534.0,1,825,salaried,Medium
39,61059,1494871,10.99,7,25588.0,0,757,salaried,High
40,94569,765453,9.44,6,13965.0,3,827,salaried,Low
53,42087,1021037,13.6,7,18909.0,2,748,business,High
40,30704,1613379,10.34,11,20511.0,1,725,salaried,High
32,85576,1435092,14.06,2,68944.0,2,787,salaried,High
21,98384,1423143,14.41,8,25055.0,2,808,business,Medium
46,97460,426498,14.02,10,6627.0,1,696,salaried,Low
34,52208,1002098,8.25,3,31518.0,2,673,salaried,High
58,91024,1321469,13.51,11,19275.0,2,714,business,Low
57,64882,764894,10.88,6,14512.0,0,790,salaried,Low
31,50923,584154,14.12,11,8739.0,2,838,salaried,Low
56,54165,1095219,12.47,5,24623.0,2,769,business,High
33,92203,439544,13.84,7,8198.0,2,650,salaried,Low
23,29114,546183,11.5,7,9496.0,2,791,business,Medium
53,89965,978743,11.75,12,12707.0,1,803,salaried,Low
26,61321,1672429,9.01,3,53191.0,3,655,salaried,High
30,98297,763001,13.49,3,25889.0,0,807,business,Medium
25,50426,1383094,10.94,5,30030.0,2,640,salaried,High
43,42772,353909,11.5,2,16577.0,2,631,salaried,Medium
30,28712,1024984,13.5,10,15608.0,1,614,business,High
22,26367,1270834,12.19,14,15802.0,3,661,salaried,High
33,76924,815693,9.41,8,12124.0,2,754,salaried,Low
22,28726,839570,12.13,13,10719.0,1,627,salaried,Medium
40,52723,539017,10.85,8,8424.0,0,808,salaried,Low
21,34108,714994,11.29,4,18580.0,0,663,salaried,High
57,102714,1241768,8.2,12,13578.0,2,837,salaried,Low
29,60643,752891,9.47,13,8408.0,2,786,business,Low
37,56324,1376941,9.97,4,34903.0,3,841,business,High
29,108360,765982,12.99,2,36413.0,3,785,salaried,Medium
31,33927,741416,8.08,4,18128.0,2,729,salaried,High
35,47443,573146,10.86,4,14774.0,1,726,salaried,Medium
44,104973,1624667,14.47,5,38200.0,3,635,salaried,Medium
58,88449,1558870,8.78,5,32193.0,2,713,business,Medium
55,101743,1464795,11.61,4,38294.0,3,798,business,Medium
50,85233,1689330,13.51,11,24641.0,2,612,business,Medium
51,50537,1138574,14.6,13,16328.0,0,614,salaried,Medium
25,102576,880595,13.23,9,13989.0,2,688,salaried,Low
34,47612,1484141,13.04,9,23415.0,0,814,salaried,High
31,31471,1079383,13.79,14,14536.0,3,787,salaried,High
29,60631,612229,11.12,14,7203.0,2,621,salaried,Low
54,56348,858516,13.64,2,41074.0,3,790,business,High
32,89732,1035036,8.06,8,14664.0,0,817,salaried,Low
55,26177,1773447,14.47,12,26015.0,2,824,business,High
55,29760,867760,11.1,3,28450.0,3,802,salaried,High
21,57779,1135869,11.87,2,53400.0,0,673,salaried,High
42,46636,1266920,9.78,4,31999.0,3,624,salaried,High
49,106889,1146143,13.2,5,26196.0,1,700,salaried,Low
28,78551,1486464,8.54,14,15195.0,0,775,salaried,Low
31,36556,377175,14.11,7,7091.0,0,770,salaried,Low
57,52598,888595,13.8,11,13119.0,0,716,business,Low
34,36563,1657453,9.51,6,30298.0,2,765,salaried,High
50,71819,1214634,13.67,5,28055.0,2,640,salaried,Medium
55,98770,395028,13.5,9,6337.0,2,772,business,Low
41,51966,1490888,12.43,12,19972.0,1,687,business,Medium
57,106709,791450,10.61,13,9371.0,1,767,business,Low
25,84889,1441069,9.9,5,30548.0,0,709,salaried,Medium
39,51987,425149,9.62,14,4615.0,1,719,business,Low
34,103714,1053704,10.23,11,13330.0,3,696,salaried,Low
46,83348,1551011,14.32,13,21960.0,0,744,salaried,Medium
24,49596,463834,8.54,14,4741.0,0,815,salaried,Low
45,58174,570403,13.8,3,19440.0,3,828,salaried,Medium
45,89106,1529787,10.44,4,39123.0,0,656,salaried,High
38,94967,1215207,11.65,7,21225.0,1,729,salaried,Low
28,84182,1625569,13.56,9,26135.0,2,695,salaried,Medium
59,64310,1692488,14.19,9,27833.0,3,720,salaried,High
34,81088,1716828,10.41,12,20926.0,1,661,salaried,Medium
52,33906,617013,11.23,10,8580.0,3,815,business,Medium
58,61914,1213320,10.9,8,18994.0,3,736,business,Medium
53,70379,1411671,8.09,14,14066.0,0,667,salaried,Low
43,103612,1466462,10.07,3,47367.0,0,680,business,High
35,62650,1157342,11.21,9,17062.0,1,616,business,Medium
53,71881,585711,10.88,8,9163.0,3,716,salaried,Low
45,71413,1383868,13.05,9,21841.0,0,649,salaried,Medium
37,31012,1423389,10.69,13,16922.0,0,711,business,High
53,75115,921424,11.43,4,24008.0,3,693,business,Medium
22,32151,875919,11.01,8,13764.0,1,767,salaried,High
34,82716,309885,13.18,11,4458.0,1,785,salaried,Low
59,61378,1533954,14.04,14,20910.0,3,802,salaried,Medium
26,67652,1152746,11.72,10,16353.0,1,684,salaried,Low
26,97430,1675807,13.53,4,45400.0,0,748,business,High
23,38467,722381,10.08,11,9077.0,3,745,business,Low
27,56010,1276433,11.79,7,22389.0,0,782,salaried,Medium
28,79691,760244,10.42,3,24681.0,2,756,business,Medium
35,89157,874100,10.9,3,28576.0,2,751,salaried,Medium
49,37289,1005860,13.13,6,20261.0,1,673,business,High
53,69976,1669363,14.17,6,34551.0,2,708,salaried,High
50,68596,344900,8.85,14,3588.0,0,744,salaried,Low
59,48171,1784738,12.44,8,29440.0,2,617,salaried,High
47,69139,701067,12.08,13,8929.0,0,641,salaried,Low
56,73713,1102720,8.83,3,34979.0,1,839,salaried,High
49,54734,1421268,9.48,12,16561.0,1,811,salaried,Medium
58,97588,760796,10.18,14,8514.0,0,700,salaried,Low
53,88646,1749160,9.17,8,25780.0,2,644,business,Medium
57,28654,1394979,9.71,6,25640.0,1,681,salaried,High
47,43743,1095600,9.87,7,18115.0,3,616,salaried,High
53,73368,1304001,10.35,9,18607.0,1,672,salaried,Medium
24,99172,612023,13.25,11,8830.0,2,613,business,Low
42,31441,1408447,12.0,14,17344.0,3,776,salaried,High
22,49611,1329127,14.9,13,19322.0,2,756,business,Medium
30,37149,791862,10.9,5,17178.0,0,822,business,High
25,84189,1380750,13.28,14,18135.0,3,731,salaried,Low
30,46675,1055111,14.1,8,18389.0,2,681,salaried,Medium
53,96031,523563,12.75,7,9454.0,3,747,salaried,Low
58,67668,437653,10.88,11,5700.0,2,719,salaried,Low
33,38673,410155,13.28,3,13875.0,3,719,business,Medium
51,101666,633997,9.43,9,8731.0,2,646,business,Low
56,105758,1660398,10.29,11,21061.0,0,706,salaried,Low
44,90429,1476371,11.83,10,21037.0,3,707,salaried,Low
35,48669,388668,12.03,6,7605.0,3,608,business,Low
49,59068,1037685,8.15,11,11930.0,3,804,salaried,Low
28,34435,969927,14.62,5,22881.0,3,678,salaried,High
25,77249,1279448,12.88,7,23192.0,0,754,salaried,Medium
49,62384,853091,11.47,9,12700.0,3,614,salaried,Low
24,106929,973590,14.53,12,14319.0,1,819,business,Low
32,101153,973222,11.07,4,25187.0,0,828,salaried,Low
22,100388,1785147,14.86,11,27529.0,1,846,salaried,Medium
47,56401,1248763,11.59,12,16093.0,3,618,business,Medium
51,96831,1578723,8.8,12,17789.0,2,689,salaried,Low
56,59084,1304949,13.35,2,62254.0,1,779,business,High
56,80826,855083,12.75,5,19347.0,3,625,salaried,Low
46,61451,570914,13.41,5,13110.0,1,816,salaried,Low
47,32227,1741985,14.66,2,84182.0,3,753,business,High
25,56910,662455,13.44,10,10064.0,3,753,salaried,Low
40,61041,579713,12.28,4,15346.0,3,773,salaried,Medium
31,90681,1334586,14.0,6,27500.0,2,691,salaried,Medium
30,106571,1652790,12.71,7,29808.0,1,776,salaried,Medium
58,90481,1303429,10.86,9,18963.0,0,681,salaried,Low
26,93576,864485,14.2,7,16296.0,0,823,business,Low
28,89174,457584,9.55,4,11507.0,0,780,business,Low
43,51160,1224220,13.0,7,22271.0,0,730,business,High
46,42633,1697515,14.17,2,81639.0,3,793,salaried,High
32,42014,591077,13.12,5,13485.0,1,824,salaried,Medium
46,105532,1324729,12.88,7,24013.0,1,641,salaried,Low
33,74104,959738,13.27,8,16276.0,2,618,business,Low
38,66621,674226,11.26,12,8556.0,1,616,salaried,Low
45,102231,1765792,14.12,14,24163.0,1,835,salaried,Low
53,93388,1459608,9.42,12,16958.0,1,760,business,Low
32,41014,1555516,8.89,11,18511.0,2,675,salaried,High
56,58755,1653324,10.0,4,41933.0,0,776,salaried,High
24,65390,761552,11.72,10,10803.0,1,783,business,Low
25,48711,1575303,11.57,13,19568.0,2,662,business,High
57,82993,373869,13.74,13,5153.0,2,730,salaried,Low
28,99696,1169807,10.83,8,18269.0,3,706,salaried,Low
48,52213,1018675,11.39,2,47663.0,2,648,business,High
51,82784,502416,8.09,3,15765.0,0,654,salaried,Low
29,32421,878533,10.87,2,40894.0,1,753,salaried,High
49,42727,867344,12.53,12,11672.0,2,698,salaried,Medium
34,29358,1759501,8.11,10,21450.0,0,799,salaried,High
42,90108,1075024,9.97,10,14189.0,2,651,salaried,Low
31,57117,1669277,9.46,8,24855.0,2,699,salaried,High
43,56910,1628263,8.29,11,18843.0,2,716,salaried,Medium
21,80754,730634,11.35,4,19008.0,2,717,salaried,Low
57,87438,1049971,9.27,14,11180.0,2,606,business,Low
41,54371,796507,13.2,6,16073.0,0,645,business,Medium
46,76501,1331008,13.94,5,30929.0,1,645,business,High
56,85946,1758516,11.82,8,28407.0,1,699,salaried,Medium
43,63467,565972,14.87,10,9086.0,1,743,salaried,Low
21,42625,1465232,11.15,13,17826.0,1,751,salaried,High
35,58893,1365663,11.59,3,45093.0,0,788,business,High
41,101329,1642057,14.92,14,23345.0,3,653,salaried,Low
29,56007,436554,9.62,9,6057.0,3,661,salaried,Low
29,64532,785757,14.6,10,12485.0,0,728,business,Low
30,79253,482024,8.3,11,5581.0,0,648,salaried,Low
46,37323,1485111,11.12,11,19547.0,2,624,salaried,High
55,98379,1067524,8.49,10,13230.0,2,609,business,Low
45,39210,1741296,13.1,11,24964.0,2,717,business,High
46,41456,595767,12.26,8,9768.0,1,807,salaried,Low
31,56367,335634,12.95,10,5001.0,2,743,business,Low
58,79624,676742,10.62,10,9177.0,3,785,business,Low
22,35106,611478,10.59,4,15682.0,1,799,business,High
27,93008,1155080,8.32,5,23598.0,2,756,salaried,Medium
38,97240,846495,10.45,3,27493.0,1,830,salaried,Medium
47,89315,773866,14.51,11,11765.0,3,691,salaried,Low
